,AA,AE,AH,AO,AW,AY,B,CH,D,DH,EH,ER,EY,F,G,HH,IH,IY,JH,K,L,M,N,NG,OW,OY,P,R,S,SH,T,TH,UH,UW,V,W,Y,Z,ZH, 
AA,0.0,0.5574550185796603,0.4840116428545552,0.3287909223684227,0.5998373248607477,0.4970746720787974,0.6629897628283721,0.7030492479927285,0.6468080112469538,0.7695023154023777,0.5116350728280818,0.5398221393600665,0.5329216316978465,0.7031554259209978,0.6802551703604085,0.7454130065388319,0.5214980390308253,0.5584650688815437,0.7104460502800086,0.6795878465105196,0.6344799289897983,0.6515858042448744,0.6490712237499657,0.8734460668755187,0.5363202607802442,0.6606954696476622,0.6785625780804581,0.6238566763653439,0.6320996506406452,0.7677550604644782,0.6629481826490742,0.7139859780786358,0.6724833841623632,0.5892167765615005,0.6742577691216549,0.7356296904652839,0.7987578843067727,0.6586480009649457,0.849345855036194,1.0
AE,0.5470887367057414,0.0,0.4758639022647484,0.6008491213197864,0.5329498276093462,0.5049469346470512,0.6570880671090784,0.6691861813772624,0.6483710037108853,0.7590134438119521,0.4123774971985816,0.4882579913617732,0.5255901440373743,0.6985823809447205,0.6850359882605054,0.7675446038194702,0.4508382831562624,0.5440355410526754,0.6637458255891546,0.6784173703627021,0.6435244286059459,0.6468535223791129,0.6545079658140095,0.9250529977260681,0.5260545079220502,0.7055462608847274,0.6513582957665116,0.5876777165078029,0.6400513914742805,0.7980535769046064,0.6496089547714883,0.7023094822176683,0.7352691935803061,0.6044471794591799,0.6923537360700203,0.6516994125282778,0.813918190068495,0.6331460427714938,0.8533829934589605,1.0
AH,0.4804660559988255,0.4970504496205487,0.0,0.5538258582307103,0.6277769199980119,0.5123285494928631,0.6764435366487621,0.677341363117249,0.6475581850925981,0.7405960803644485,0.4355174882337462,0.4606730973010707,0.4800210779116448,0.6817685999637312,0.7135280231582902,0.7610974051244115,0.4423657504262926,0.5233634665039447,0.6888294100530177,0.6552143868298864,0.6276674940966633,0.6778991488453535,0.6509773327352679,0.9598064785752104,0.4994894665807513,0.6683025930061816,0.6508831158688558,0.5960211438495663,0.6194327849114347,0.791360249919147,0.6407796400120492,0.7141057565825519,0.7035286607521668,0.5864605525881595,0.6888760980245703,0.7027651073404152,0.7682541944621273,0.6546187656339923,0.8709315060582987,0.5
AO,0.3219752099991777,0.5820607870301411,0.5387702266067621,0.0,0.649467921442765,0.5391066772221321,0.6479303700568091,0.7054995457191637,0.6374200512050194,0.7413558784461384,0.5156586206155926,0.5714635158508994,0.5318762444915676,0.6548866758737536,0.6605792346506973,0.7488234229109257,0.5353402272010472,0.5812235026317797,0.7167036809873677,0.6584925807482199,0.6119573527603844,0.6447220305241625,0.6556372845358659,0.9294056209645338,0.5085790756331131,0.6681342609971047,0.6282644230271681,0.6428596832698378,0.6457475593100362,0.7409714191179864,0.6573587455734421,0.7315355567315457,0.6702929724135329,0.6237756046177437,0.664901067889513,0.6983734222456671,0.799474107420572,0.6696114960426987,0.8091793805548633,1.0
AW,0.4962661598248895,0.5040083533362788,0.5570414764465067,0.5971626479528018,0.0,0.5681531778301935,0.6540717766883569,0.6674615761552611,0.6583650359896137,0.7751857999758159,0.5636806329216096,0.5748621851554317,0.5922133922930533,0.6837311525213674,0.7112788309344219,0.7672365655617726,0.5554731444095619,0.5853145553299782,0.6570911457945805,0.6690208980749508,0.5977222006549198,0.6654379665704074,0.6409951470275085,0.8616932337343394,0.5316167288281849,0.6406984592662915,0.6561328984029224,0.605665206551906,0.6575866269051497,0.7220451204186354,0.6365483043589101,0.6768266009484177,0.6694609926398143,0.6338401424372987,0.7127190338080952,0.6877272746611115,0.7989061846572665,0.6412732924656805,0.8133867264141041,1.0
AY,0.4886739413896388,0.4992658204114571,0.5020685208838528,0.5520490046185113,0.6078769765515346,0.0,0.6550342516919894,0.7245238703388125,0.6629589507481902,0.7561121552530332,0.4567621318721216,0.4835340837849748,0.4386588311183022,0.6872250723003486,0.6874196699849605,0.7622731049210992,0.4785207619717479,0.5289870439409335,0.7374141004816146,0.6759598377224019,0.6363909655573868,0.6725541264868642,0.6402153856038983,0.8991611957258869,0.5248520823208483,0.6610692250026378,0.6234957078860777,0.6147881099651863,0.6549232797039943,0.7778859103437777,0.6649126101003983,0.6793283963439954,0.6817679164827656,0.5934618924229821,0.7059651400049847,0.7200187038241033,0.8024929376444432,0.6609099500192613,0.8365481595639213,1.0
B,0.6704997658457459,0.6515059236598824,0.6646865142770677,0.66282123684801,0.7058405473636556,0.6564983974638747,0.0,0.6475526367248585,0.5498734575656301,0.6089560116595497,0.632268550425879,0.6241459686169648,0.6702998410031037,0.5533558400691343,0.5597155704939369,0.6748096835364319,0.6486108386274753,0.6280294196998457,0.6207283658494647,0.6015994151069106,0.6255501623046701,0.5863498289169369,0.6106906401411237,0.9453717396063741,0.6405248989201309,0.7574979388851157,0.4655444883519481,0.6214226691821731,0.6252712657739857,0.7201165204995532,0.629487603063688,0.6677565095450873,0.7468008308778823,0.6590878871753657,0.4492502738354461,0.6771718185086868,0.8117328903935772,0.5925816874117187,0.7982166999595849,1.0
CH,0.6886885740965644,0.6417969178487717,0.6446473713317692,0.7016950040722613,0.6949426786243507,0.7001227765565898,0.6265571384919923,0.0,0.620169365532088,0.6478566724214969,0.6154967755443655,0.6350243338565311,0.630507524422445,0.6086447324854978,0.6850396043748118,0.6636570794510289,0.6514111067180325,0.6666860926302284,0.3716544461021952,0.6318075712272262,0.6644012360294996,0.6407320792356379,0.5913780870226447,0.8909698484354407,0.6567769690152444,0.7744294243145151,0.6012507515083979,0.5948491951462574,0.5125748720135005,0.6330603391603116,0.5851811694880484,0.6574674169764692,0.7422765490343357,0.6493964425826193,0.6309310363641503,0.6190062153370468,0.7552389521168128,0.6056392968020551,0.7810413055986265,1.0
D,0.6468100827062402,0.6351732853564168,0.6297692713137519,0.6475413747573011,0.7004565029046576,0.6579243663331149,0.565709653568631,0.6314333265971525,0.0,0.6229232571681461,0.6202792496650626,0.6161021259300457,0.6358198398366396,0.6537822183860053,0.5782125288714334,0.6708021351754191,0.6125547509387266,0.6410459149474836,0.5806378659396386,0.6688038733116973,0.6275113640990029,0.6287882320421642,0.6517701377765854,0.8903232532267963,0.6278238999632723,0.7107802615678079,0.6449685319603986,0.5970991416505289,0.606943025558487,0.7445546991412929,0.40481560481230816,0.6371662429483135,0.7780895777028086,0.6935036270889611,0.6207794144593781,0.6953837516870952,0.7561926923623402,0.5524415352859505,0.8305923125257834,1.0
DH,0.7004433694060086,0.6762451822837093,0.6550832166123945,0.688433920034501,0.7529955630902332,0.6808938479229517,0.5554638423824236,0.6094028098653853,0.5508964411535157,0.0,0.6338605192674186,0.6408808219199537,0.6590683653240369,0.6391095762561222,0.6284606663405031,0.5967367824908837,0.6511597937567983,0.6673086707645649,0.5953968655284799,0.6453890086818069,0.588538598181005,0.6121980463690984,0.5616821186928214,0.8641056298675626,0.6722350670405163,0.763867315883057,0.6126567776494929,0.6117316162768548,0.6232108457745315,0.6769259271367569,0.6238141694810643,0.4954971351871462,0.7600676040703873,0.7184557441216617,0.5844074733118442,0.6529832019569166,0.7597724075259614,0.5789413505108448,0.77149907509613,1.0
EH,0.5335053629195192,0.36531523495283896,0.4493622808061417,0.5465939022970141,0.6313630092003448,0.5120940970735283,0.6617520079499696,0.6651458116052439,0.6575394945511763,0.7394252695431348,0.0,0.4841894004346557,0.4403724086095527,0.6853749198085044,0.6941490871474778,0.7450911861664758,0.44073476171940135,0.5062195553466339,0.6897162175164038,0.6585277737883286,0.6406826233286087,0.6583772079087447,0.6454561408112203,1.0000016577472166,0.4899248861847439,0.6965340305446218,0.6289634176693808,0.606368938450437,0.6341377507194247,0.7880437379101999,0.6182599574595224,0.7082366054378715,0.7091426649989274,0.606393619454366,0.6936051025846356,0.7288648628852414,0.800421481912458,0.6445763553160032,0.8529621152199162,1.0
ER,0.5640313214712384,0.4961509939702624,0.4625748179604553,0.6098319670964122,0.6374231816261688,0.4954595037823584,0.6497006349057176,0.684875743313957,0.649230703021791,0.7426841651182521,0.4801360002141175,0.0,0.489036697882209,0.6777539374420887,0.6965576825000044,0.7167965258922441,0.4545147884625163,0.5221508818154126,0.7024789942086972,0.6643649367625651,0.6091750839314165,0.6387140726964866,0.6391702611686949,0.9489957586888422,0.5198771475282021,0.6906633277632692,0.6429051946104614,0.4792136699871111,0.6282470372392172,0.7996553727862881,0.6507404772905085,0.6977915154843372,0.71179336607321,0.5823050127386515,0.6847873194088742,0.7063568078293518,0.7900837439417483,0.6481394368278419,0.8719099318304104,0.25
EY,0.5486510860251211,0.5346439212614221,0.4824737290633102,0.5545370686401988,0.6483323663523367,0.4836588452470079,0.6885035434597152,0.6674328035995831,0.6576140933075988,0.7522002610530899,0.4228463683016533,0.4859988919635995,0.0,0.6723399310475462,0.7029917128903526,0.7465011003746704,0.4389218133766533,0.3683006908409741,0.7151223062820772,0.6685099203225309,0.6425771116449506,0.6945452407668391,0.6503497676348604,0.9316705667041156,0.5145069536948725,0.6816370374993785,0.6228235852269272,0.6040034993462137,0.6236882617289768,0.7666274000373311,0.6415791134165634,0.7084674961798959,0.6938652034316288,0.5992013761014902,0.7183253293171893,0.7058740437648787,0.7818371527836815,0.6658133339986273,0.8565418866865012,1.0
F,0.6895368128697374,0.6713192336142279,0.6520405735141921,0.6543285549368986,0.7155263582998079,0.6673691854287997,0.5382423148367989,0.6114288698101045,0.6429099626718623,0.685357770780769,0.6342225588153494,0.6309767003454033,0.6374079426825684,0.0,0.6130069894675307,0.6907128860163263,0.642172772954088,0.6362179013440535,0.6559899002721259,0.5520292325523365,0.6429114970012172,0.6134520150912496,0.6232115375971227,0.906366190917902,0.6565640079864444,0.7941340863665921,0.4650914945661138,0.6171822018640954,0.5729587382615408,0.7044450843399837,0.6173084313207553,0.5789847191886878,0.7092049646631617,0.6677557431557122,0.4725329862446229,0.6638895239616648,0.7775654115861163,0.626738642284082,0.7773888384206331,1.0
G,0.65643268081521,0.6460208028467328,0.6646618575760631,0.6477616291750459,0.7292311158937947,0.6551277789520001,0.5480759863471768,0.6740103717477134,0.5357426566831106,0.6598061956402469,0.6293796849778768,0.6342912180923771,0.6501696154883994,0.6019159799204821,0.0,0.6681409341440969,0.6321615179514504,0.6186258571437242,0.5848594392889087,0.4108165566353129,0.6472068103610334,0.5861027545998514,0.6493030414515789,0.8507880938074563,0.6778375433597217,0.8175458594496827,0.600089568579403,0.6457263794977632,0.6530512490933366,0.7408741199752336,0.6332069283020171,0.6355583950374787,0.7805360909775141,0.6996446571055901,0.5526643068854431,0.6618498324768062,0.7352841464328277,0.5805281109211935,0.7300827043330167,1.0
HH,0.6695339469027851,0.6730576683508409,0.6635343997934838,0.6852453565194733,0.7348706962562367,0.6772048002364954,0.6048600866815518,0.6137346650459367,0.6089937405143572,0.5800478026771695,0.6294811865295714,0.6138044776534308,0.6461916427450612,0.6341550016159102,0.6274307237273161,0.0,0.6531785001034763,0.6569844057702201,0.6446064737998543,0.5837646946426864,0.6080485792960788,0.6012715568396167,0.6068974363819098,0.8019932178044878,0.6695805363991053,0.746148848180263,0.6523638197672983,0.6050074974927822,0.6432336349565491,0.6870006561099897,0.5937762121662199,0.6509089516025317,0.6934772148295502,0.6982511166957545,0.6190944677642002,0.6534677539798387,0.7282860477338997,0.6596263929094853,0.7725678863946869,1.0
IH,0.5346715886873769,0.4853795219472869,0.4445181376659925,0.5568571398267754,0.6027892021376007,0.50314578852765,0.664319843948741,0.6904102873277717,0.6356425044008692,0.7451642830240741,0.4434988272649736,0.4538626913189938,0.4855609522549288,0.6777400373302777,0.6855196205012247,0.7562762710277908,0.0,0.5271543442499622,0.6864167176793848,0.6576185456281128,0.6345298112872853,0.6392658068389938,0.6364692572858459,0.942988106835009,0.5020475626139467,0.6832672013941693,0.6399456526432094,0.603910108141824,0.6395028895097838,0.8011953266491656,0.6441221342311414,0.6909894347405531,0.7069574353092994,0.6030369552450142,0.6889136629543693,0.7064368572052743,0.8095463773595319,0.6377458902430071,0.8705302794273341,0.5
IY,0.5686108045947265,0.5437820332744361,0.5203931825613838,0.6011198997406344,0.6302419646869193,0.5392853863269966,0.6338670261540796,0.6972252573873574,0.6539361727266916,0.7496942825854715,0.4923731876065553,0.5114900616281962,0.4250065400007443,0.6610665136672119,0.6590744404597942,0.7477834585384264,0.505952538396648,0.0,0.6558336235462626,0.6671412637318778,0.6456138662454921,0.6527201024428277,0.6498160787753822,0.8962870545684078,0.5084157628001339,0.6849457043078525,0.6409227855007089,0.6101161422213586,0.6487064006600449,0.7634384782839969,0.6230993214945773,0.6943123178573405,0.7376516477339671,0.6053959840383777,0.6749716570729214,0.7090413337019023,0.7672467482632144,0.6492477984191956,0.8647934155633589,1.0
JH,0.6853002583916541,0.6284614604316191,0.6456758651076695,0.7030493266159541,0.6738664885351539,0.7016056370412307,0.5941136351953362,0.35501073170154906,0.5640191488129708,0.6233410168482867,0.6264850500608131,0.6409381532885302,0.6633851481921205,0.6440426203619775,0.5868239889870243,0.6879398016699312,0.6380265049646879,0.6207974737418854,0.0,0.6660581692457136,0.65778416216963,0.6008761599663347,0.5995452452595542,0.8813063902086169,0.6662592777949938,0.7844050465900196,0.6600979269636741,0.6145002549297,0.6320482074871352,0.6802360120062539,0.5995118134652507,0.6508566154841365,0.7857889441201427,0.6839441859514023,0.5843031672104908,0.6480799508927135,0.7385005180174903,0.5317202452391817,0.7501331165887686,1.0
K,0.663901876781273,0.6484652888040228,0.6229469860193372,0.6538280093697184,0.6947163735405573,0.6556788964811533,0.5837601586726671,0.6271871011650785,0.6535988381998651,0.6867499272796971,0.6071934936855424,0.6155081492481067,0.6313092444771801,0.5436609057714574,0.4395382519020809,0.6318952725092489,0.6194782745458258,0.6404660949045716,0.6745887685632488,0.0,0.63256919246446,0.6152909981066023,0.6080751243043441,0.9130901940119096,0.6603028802539188,0.8020443769623797,0.5281818161697667,0.6214501256846929,0.5985294286566338,0.7121645808008119,0.5530808070577973,0.6698275378176438,0.7414242709265056,0.7040135669902774,0.6010797375227831,0.6502477275600813,0.7571772640416604,0.6692383691412431,0.7765579145057754,1.0
L,0.6461456371814045,0.6364167253874093,0.6196976927924646,0.6496148684690932,0.7188237877604247,0.6364588674039247,0.6281102685520555,0.6865432888871503,0.6339604881167024,0.6476406991269709,0.6107496447984153,0.5849970881463281,0.6255686502039265,0.6625864137928165,0.6799047392800297,0.6784706290709964,0.6187950777684932,0.6377786666680915,0.6898085076092574,0.6541633251161763,0.0,0.5688356975327228,0.5852489395260273,0.8675529992996348,0.6392331459554231,0.7454775695760462,0.6362329781370902,0.4766670440902466,0.6156033517421707,0.6771839497014416,0.5989114043688221,0.6673997773882039,0.7508950618669268,0.6966357369360046,0.6335801474453542,0.5978932697470694,0.6931978161979508,0.6346638440804407,0.7687342267487861,1.0
M,0.6519642048171664,0.6334772801673694,0.6579592571660422,0.6555326327722177,0.7115965877741127,0.6650403531292868,0.5789580025004315,0.6535241720651886,0.6282467019382283,0.6699483919969511,0.6208422596245295,0.6057030308277059,0.6679789493308959,0.6223663179926258,0.6047717110374309,0.6616709726256907,0.6163891206229338,0.6380709382231856,0.6195897792607629,0.6282574256348903,0.5609932938755791,0.0,0.5089632252804674,0.8591482469993778,0.6476021012996601,0.7988078040331831,0.6178142750963337,0.5741080679252248,0.6214660802053665,0.7090151682445263,0.5859116196025248,0.6503551020057619,0.8032247051946014,0.6834094887321619,0.5597869829754898,0.634819599539462,0.7667780139839383,0.6405411144732215,0.7501319961937795,1.0
N,0.6528087494687862,0.6455653433680929,0.6364255319904846,0.6706802132008519,0.6858881927910029,0.6427226989669502,0.6045261596394933,0.6037634245734783,0.6535538947786952,0.6106965103049518,0.6117467103800704,0.6096494278026551,0.6303766452580893,0.6356280878338192,0.6781911293572157,0.6714979974380136,0.6157557248037531,0.6403335252390804,0.6272070558417975,0.6230375431265922,0.5822662642527444,0.5419847640142017,0.0,0.8533853734051656,0.6495068885257456,0.7713313719664286,0.588159706718209,0.5754801703955433,0.6176105645317499,0.6265938171061489,0.6371322593421476,0.6943960468768959,0.7769140587466095,0.6643924903046925,0.5928672636164652,0.6332418635573079,0.8124149960605895,0.6418316079123247,0.7714015797458921,1.0
NG,0.6395522494701539,0.6544491215353023,0.6677555595484583,0.6825158100751703,0.6723697608536942,0.6470891426157396,0.6675997985572616,0.6625610483889447,0.6429658221217981,0.6897282662546662,0.6678010571365072,0.6432201723932783,0.6479964198908629,0.6693152573331601,0.6419852913406652,0.6565960197921143,0.6508645053718201,0.6375673484968013,0.6662428225530079,0.6711196956090612,0.6261429190714753,0.6120961306613577,0.4537220145103351,0.0,0.6691232523219486,0.7289300931634201,0.6757730382907818,0.6136534442472782,0.6305228961404048,0.7010724278628995,0.6325707690392861,0.5956439617581273,0.7036798790120097,0.6780182699904759,0.6791886160287531,0.6196539102105114,0.7167363082777447,0.6376413016320625,0.7681196457894641,1.0
OW,0.5376048296837523,0.5226501938104438,0.4781419151826518,0.516846252954391,0.5816631773862929,0.5257550347614393,0.6415688365082085,0.6812584078874655,0.6348117535150521,0.7493436957710743,0.4739303499819504,0.5064273856144261,0.5057670983715511,0.6785567815018608,0.7158073126161378,0.7567732243748505,0.4941604291690148,0.5058559098720915,0.7018256726473632,0.6862127879941571,0.5847086008185234,0.6575563646035848,0.6555138149706486,0.944474155580348,0.0,0.5741419537520552,0.6253667234164773,0.6069331183911194,0.6418586355166358,0.7907567198866396,0.6091963428390816,0.7113958486567814,0.7081848425615488,0.5637424238880735,0.6912039654893559,0.7252322211539619,0.8251852362741989,0.6460624925032419,0.8784847546147471,1.0
OY,0.5845260516252361,0.6071445465654172,0.5710982004448312,0.5884899743551009,0.6018091085301812,0.5510443894338476,0.6495098543265889,0.6864108990228416,0.6213418193091508,0.7263937685754353,0.5711880509115643,0.5776633482954935,0.4883737856995111,0.6989505537496326,0.7334516251327682,0.7200255995594623,0.5584779768830546,0.5637220449033109,0.7048171004379528,0.7110867469520448,0.6374446525252934,0.689730365639859,0.6645933460798173,0.8627399115540306,0.5080038631043331,0.0,0.6650361104282259,0.616917262599054,0.6608979865403536,0.7083042444857851,0.6365775239736975,0.7183699050429386,0.6639364179369469,0.571124829339511,0.6870009229909793,0.7297333584985267,0.7298127486247092,0.6684482754379324,0.7926949381405557,1.0
P,0.6830894159521004,0.642783541792828,0.6382194449266431,0.6431543031741639,0.7060367307005675,0.6209245311760336,0.4674695606941375,0.6174948032671682,0.6478361220395776,0.6753322481486773,0.5989679959829693,0.6140482001651744,0.6059657493692578,0.4884906038442138,0.6246510653048546,0.7208542704256793,0.622359144894736,0.6319676577431299,0.6899883616814543,0.4881013932658038,0.632543159902046,0.6238757158413263,0.5910988707039818,0.9460564692252188,0.6201171185442029,0.7707137957951182,0.0,0.6131276397326328,0.5858466636609948,0.7135763227258739,0.5834392233868991,0.6740574075024968,0.7864856398874531,0.6571805868137182,0.6025199947636409,0.6692778880903599,0.7870425183102481,0.6298128309162624,0.749955377309427,1.0
R,0.6495711002043248,0.5983075470512775,0.6027758535191066,0.6842397409799036,0.6720955403079061,0.6394169490509817,0.6390793155950142,0.6318439037570972,0.6199352924175849,0.6933445782841183,0.5988920227562269,0.4655111004354574,0.6058192011255861,0.6525428611182615,0.7004164961652231,0.6971303074001066,0.6060813508455661,0.620238933252393,0.6631017147663113,0.6629942456616801,0.4867826099067597,0.5960481176557682,0.5945917287136335,0.8736573902079878,0.6252475786305183,0.7466693574777733,0.6327048090882638,0.0,0.5709023232743696,0.7122168007246259,0.611683582520364,0.6752656031170844,0.7687202028739464,0.6736961230084897,0.6641075691815806,0.6369089472135153,0.7316867949348741,0.6045037065595651,0.8215701769162604,0.25
S,0.6380660254355303,0.6330716541657901,0.6087284350517215,0.6630980365858831,0.706864821144567,0.6542232808848986,0.6231514892291301,0.5423875988746294,0.6134882198019277,0.6852076896522805,0.6051370441945861,0.6026624487849365,0.6080859007545932,0.5964161000856233,0.6854273847507769,0.7249328267532206,0.6235751254553832,0.6411478523750128,0.6726100091308791,0.6168681247205859,0.6160490926231373,0.6281094183151391,0.6217456383208066,0.8696338183415635,0.6388835836686254,0.7706112040548421,0.5866677393707398,0.5571515094108591,0.0,0.7005222564482575,0.5964562597479915,0.6165524535256516,0.7605719022810772,0.6676581985161429,0.6568431830987282,0.6492289856227169,0.7612523177022431,0.3360180695133283,0.8474976318955362,1.0
SH,0.6779674226451481,0.6857491339524391,0.6747822589814867,0.6671287218925943,0.6810659285542858,0.6774552009160033,0.6312589860132974,0.5132616592827612,0.6582386482687965,0.6563682607475844,0.6516800716892133,0.6628526496744029,0.651206689308089,0.6360680625156769,0.6799872929691007,0.6751580229129831,0.6749961890184596,0.6581999584844735,0.6354625705074326,0.6478893158132359,0.5996538727486308,0.6305866964676772,0.564346545105934,0.8467074141270227,0.6840873015688587,0.7197377732881567,0.6308956860641676,0.6085047717828492,0.5941948666605704,0.0,0.6362234127816895,0.6818349506190661,0.7155154393930536,0.6989366138226129,0.6408773119385872,0.6305773058389436,0.6815029672398063,0.6883064266471441,0.527847288716208,1.0
T,0.6732569778323554,0.6448669253024573,0.6316511836678586,0.6782500681876243,0.6848054172764219,0.6704447269338333,0.6327243250441841,0.5887504510675416,0.4412502816129056,0.6973970206266404,0.5930323328652574,0.6258040758630957,0.6276256052003469,0.639868931708722,0.6734384672172052,0.6715159295209813,0.6296612227604561,0.620808953215749,0.6250631297711368,0.6030947084523005,0.6019156191024887,0.5944396277295357,0.6472552464794408,0.8839093050920734,0.6094350580406706,0.741653842586278,0.6220430488037734,0.5965495057076476,0.5925650071619079,0.7341335720836695,0.0,0.5782176016288807,0.7587800929757099,0.6973707213232205,0.6620030653112751,0.6308514067792786,0.7211281771059267,0.6282508026766526,0.8127767753691983,1.0
TH,0.6760385383906099,0.6526960356103743,0.6550534742198687,0.7047194190394529,0.6831726432473413,0.6359063022178532,0.6255433089897829,0.6379417070197113,0.5983262864994555,0.5709273604002426,0.6292938139263813,0.6271340979377105,0.6463900940478361,0.5581729135477127,0.6266768467699456,0.6842179300396874,0.6316501779044946,0.6445969839541522,0.6397006981759528,0.652581531000871,0.6262452591220338,0.6202775489328095,0.6557890381775231,0.7514424402577043,0.6641169511250438,0.7850560580034218,0.6286036966469539,0.6166469517008377,0.5721638901656659,0.7303126012915514,0.5308344907977194,0.0,0.7210019159299652,0.7240782443867573,0.6898601482723279,0.6426272195583482,0.7272780861077394,0.5713974964741115,0.8080947461561279,1.0
UH,0.5910898198672306,0.6270771317894552,0.5814948447676875,0.5952365473754919,0.6237258898407263,0.5940419618533301,0.642666971449882,0.6612141384896734,0.6755399673317857,0.7239897388281313,0.5742056155059578,0.5920462371276443,0.5892706227675897,0.6332745310309095,0.7056101734187039,0.6706542697804151,0.5541401313056522,0.6288904162129889,0.7068020687831346,0.6599001404985498,0.6438590218345865,0.6935076717671166,0.6702518331798142,0.8378146484457057,0.6025191675593793,0.6633993203957321,0.676168686567935,0.6395512311473286,0.6548320732715021,0.7052351985066866,0.6512845155427319,0.665087882573135,0.0,0.6109260989147797,0.6865800973330369,0.691277236788016,0.7202038915356245,0.6558666163335554,0.7704643784233978,0.5
UW,0.5718877678206913,0.5750358042711855,0.5546355416850376,0.6143401614778695,0.6505474951607614,0.5699448972076434,0.6292070023592399,0.6416993215746161,0.670941117962352,0.7627279577017385,0.5579640213857103,0.5406514365355505,0.5630180094503575,0.6575330255823606,0.7051783069768028,0.7505755295961481,0.5593733684624198,0.5751383724096903,0.6874119800508132,0.6978500419409139,0.6419300021991549,0.6554607794899198,0.6368575316552202,0.90423871269876,0.5200757271086367,0.6228625987149753,0.6317324590379092,0.6225314389639687,0.6391636257010707,0.7678748854968697,0.6648384772248853,0.7398997126866944,0.6638995809979586,0.0,0.6064537744625829,0.6732182221848659,0.7437872719155828,0.6491029926106048,0.7621721079641794,1.0
V,0.6639826938854906,0.66712630986105,0.6589114758269214,0.6655498565294522,0.7494289184029177,0.6868866371321414,0.4491121570941954,0.6343191488292198,0.6069449714881987,0.6073958555687928,0.6425138110601412,0.637627668428729,0.6793855439833234,0.4767242372334402,0.562869747025864,0.6729337042883236,0.6517850064549535,0.6501689655241779,0.5943117087194606,0.6055139682736851,0.6145112655038438,0.547385032093572,0.5832451550835278,0.9268729631094016,0.6719399563803385,0.7798949699018262,0.5832885648963481,0.6176853328211795,0.6407046665832624,0.7096186752000092,0.6366955771888536,0.7127197693817156,0.7790423687439049,0.6213425587497343,0.0,0.6512238639598379,0.7428455642847324,0.6152875075911767,0.7018407363351689,1.0
W,0.6964950260438763,0.6088491952703694,0.6481434132757682,0.6795572448986422,0.6970926767158055,0.6738753631182427,0.6379176198301331,0.6030508428633394,0.661234252453349,0.6746120007071632,0.6500822561126727,0.6346103798748997,0.6450233006877393,0.643928670024829,0.6547615620329108,0.6866288100305503,0.6468002335416894,0.6570685958371303,0.6389564900610423,0.6363974293283187,0.4167466133051661,0.6021236076486782,0.6019088480360669,0.7904849777465429,0.6705117986865445,0.7855329386656393,0.6329365144679718,0.5694422154795368,0.6136236820276725,0.6730979682955157,0.5957436958339434,0.6435286460920799,0.7545636656996517,0.6666984186667837,0.6279711592479654,0.0,0.7172140676312263,0.6570752547246681,0.7462196618088819,1.0
Y,0.6749640347857809,0.6697013573814119,0.6336339561749408,0.6856661036155709,0.718443255790658,0.6697079260579167,0.6741190282858217,0.6506590005104068,0.6420759777747899,0.7030103843748823,0.6328251738970713,0.6311209718401704,0.6359726265417343,0.6700614405589823,0.6536063836453022,0.6759791746650278,0.6208029069690009,0.5245499061587479,0.6473365974183529,0.6565769191268898,0.5907012391675859,0.6500000363502575,0.6784729144465352,0.8316363419826678,0.6820647128738306,0.7110983382119496,0.6606296779765954,0.5991378528016984,0.6387913997755398,0.6555839120486197,0.6073187017153429,0.6530187094927494,0.7012752409190199,0.6535613396105309,0.6422907445126603,0.6441867360394808,0.0,0.6530423964317821,0.5820985184514662,1.0
Z,0.6574988059691311,0.6187671818783849,0.6351189453995287,0.6795641425208027,0.6791189540550047,0.6521331393000543,0.5837670426735143,0.618061086477477,0.5519762817227368,0.6207126123253589,0.6077383346475886,0.6147272725924018,0.6401675244381476,0.6365918439826225,0.5975434014200606,0.7294441724580437,0.6149114463605124,0.6337771207618426,0.5554151850091621,0.6830806032481351,0.6263875694061248,0.6394976165062127,0.6384602452283746,0.8709766789348008,0.6360609554790827,0.7695749128243493,0.6215825433990634,0.5822113615947582,0.33351335234313023,0.7815806430033689,0.6165532533350726,0.6027791133611861,0.7532240027935603,0.6718920283928972,0.6217523069679014,0.689409418937496,0.7688160122386593,0.0,0.8008128042568946,1.0
ZH,0.6849609783936699,0.6720832333567234,0.6755686427617787,0.6680185608649221,0.7018749669986499,0.6680284884256029,0.6412925588294988,0.6318521875520141,0.6672142415623521,0.6851377760311804,0.6465050059839712,0.6594711700172488,0.6630107170198822,0.6462606127989755,0.6239176022598576,0.6950258388235236,0.6687270669730145,0.6755632542729599,0.6026433747201408,0.6473408184584415,0.6218667646508699,0.6163523232240291,0.625459174048183,0.8547472176589198,0.6920045030638773,0.7399321116029224,0.6131514546885792,0.6376874739998039,0.6684598446298452,0.4364117807091697,0.6466442031102781,0.6892586162192403,0.7192845107649946,0.6442443889309714,0.5895162282490083,0.6435589625355158,0.5634342700766836,0.6307542885138026,0.0,1.0
 ,1.0,1.0,0.5,1.0,1.0,1.0,1.0,1.0,0.25,0.75,1.0,1.0,1.0,1.0,1.0,0.25,0.5,1.0,1.0,1.0,1.0,1.0,1.0,1.0,1.0,1.0,1.0,1.0,1.0,1.0,0.25,0.75,0.5,1.0,0.75,1.0,1.0,1.0,1.0,1.0
